TradeDateRaw,Hub,Product,StripRaw,DateHeader,SettlementPrice
9/30/2026,AB-NIT,NG Basis LD1 for NGX 7a Futures,10/1/2026,2026-10-01,-1.915
9/30/2026,AB-NIT,NG Basis LD1 for NGX 7a Futures,11/1/2026,2026-11-01,-1.6025
9/30/2026,AB-NIT,NG Basis LD1 for NGX 7a Futures,12/1/2026,2026-12-01,-1.735
9/30/2026,AB-NIT,NG Basis LD1 for NGX 7a Futures,1/1/2027,2027-01-01,-2.045
9/30/2026,AB-NIT,NG Basis LD1 for NGX 7a Futures,2/1/2027,2027-02-01,-1.7125
9/30/2026,AB-NIT,NG Basis LD1 for NGX 7a Futures,3/1/2027,2027-03-01,-1.25
9/30/2026,AB-NIT,NG Basis LD1 for NGX 7a Futures,4/1/2027,2027-04-01,-1.1925
9/30/2026,AB-NIT,NG Basis LD1 for NGX 7a Futures,5/1/2027,2027-05-01,-1.255
9/30/2026,AB-NIT,NG Basis LD1 for NGX 7a Futures,6/1/2027,2027-06-01,-1.415
9/30/2026,AB-NIT,NG Basis LD1 for NGX 7a Futures,7/1/2027,2027-07-01,-1.64
9/30/2026,AB-NIT,NG Basis LD1 for NGX 7a Futures,8/1/2027,2027-08-01,-1.7
9/30/2026,AB-NIT,NG Basis LD1 for NGX 7a Futures,9/1/2027,2027-09-01,-1.66
9/30/2026,AB-NIT,NG Basis LD1 for NGX 7a Futures,10/1/2027,2027-10-01,-1.6125
9/30/2026,AB-NIT,NG Basis LD1 for NGX 7a Futures,11/1/2027,2027-11-01,-1.66
9/30/2026,AB-NIT,NG Basis LD1 for NGX 7a Futures,12/1/2027,2027-12-01,-2.0475
9/30/2026,AB-NIT,NG Basis LD1 for NGX 7a Futures,1/1/2028,2028-01-01,-2.4
9/30/2026,AB-NIT,NG Basis LD1 for NGX 7a Futures,2/1/2028,2028-02-01,-1.99
9/30/2026,AB-NIT,NG Basis LD1 for NGX 7a Futures,3/1/2028,2028-03-01,-1.5425
9/30/2026,AB-NIT,NG Basis LD1 for NGX 7a Futures,4/1/2028,2028-04-01,-1.45
9/30/2026,AB-NIT,NG Basis LD1 for NGX 7a Futures,5/1/2028,2028-05-01,-1.515
9/30/2026,AB-NIT,NG Basis LD1 for NGX 7a Futures,6/1/2028,2028-06-01,-1.63
9/30/2026,AB-NIT,NG Basis LD1 for NGX 7a Futures,7/1/2028,2028-07-01,-1.8175
9/30/2026,AB-NIT,NG Basis LD1 for NGX 7a Futures,8/1/2028,2028-08-01,-1.9825
9/30/2026,AB-NIT,NG Basis LD1 for NGX 7a Futures,9/1/2028,2028-09-01,-1.955
9/30/2026,AB-NIT,NG Basis LD1 for NGX 7a Futures,10/1/2028,2028-10-01,-1.89
9/30/2026,AB-NIT,NG Basis LD1 for NGX 7a Futures,11/1/2028,2028-11-01,-1.72
9/30/2026,AB-NIT,NG Basis LD1 for NGX 7a Futures,12/1/2028,2028-12-01,-2.055
9/30/2026,AB-NIT,NG Basis LD1 for NGX 7a Futures,1/1/2029,2029-01-01,-2.3975
9/30/2026,AB-NIT,NG Basis LD1 for NGX 7a Futures,2/1/2029,2029-02-01,-1.95
9/30/2026,AB-NIT,NG Basis LD1 for NGX 7a Futures,3/1/2029,2029-03-01,-1.45
9/30/2026,AB-NIT,NG Basis LD1 for NGX 7a Futures,4/1/2029,2029-04-01,-1.3325
9/30/2026,AB-NIT,NG Basis LD1 for NGX 7a Futures,5/1/2029,2029-05-01,-1.4825
9/30/2026,AB-NIT,NG Basis LD1 for NGX 7a Futures,6/1/2029,2029-06-01,-1.59
9/30/2026,AB-NIT,NG Basis LD1 for NGX 7a Futures,7/1/2029,2029-07-01,-1.8125
9/30/2026,AB-NIT,NG Basis LD1 for NGX 7a Futures,8/1/2029,2029-08-01,-1.7525
9/30/2026,AB-NIT,NG Basis LD1 for NGX 7a Futures,9/1/2029,2029-09-01,-1.7475
9/30/2026,AB-NIT,NG Basis LD1 for NGX 7a Futures,10/1/2029,2029-10-01,-1.7325
9/30/2026,AB-NIT,NG Basis LD1 for NGX 7a Futures,11/1/2029,2029-11-01,-1.64
9/30/2026,AB-NIT,NG Basis LD1 for NGX 7a Futures,12/1/2029,2029-12-01,-1.9825
9/30/2026,AB-NIT,NG Basis LD1 for NGX 7a Futures,1/1/2030,2030-01-01,-2.2975
9/30/2026,AB-NIT,NG Basis LD1 for NGX 7a Futures,2/1/2030,2030-02-01,-1.8325
9/30/2026,AB-NIT,NG Basis LD1 for NGX 7a Futures,3/1/2030,2030-03-01,-1.45
9/30/2026,AB-NIT,NG Basis LD1 for NGX 7a Futures,4/1/2030,2030-04-01,-1.355
9/30/2026,AB-NIT,NG Basis LD1 for NGX 7a Futures,5/1/2030,2030-05-01,-1.485
9/30/2026,AB-NIT,NG Basis LD1 for NGX 7a Futures,6/1/2030,2030-06-01,-1.53
9/30/2026,AB-NIT,NG Basis LD1 for NGX 7a Futures,7/1/2030,2030-07-01,-1.54
9/30/2026,AB-NIT,NG Basis LD1 for NGX 7a Futures,8/1/2030,2030-08-01,-1.52
9/30/2026,AB-NIT,NG Basis LD1 for NGX 7a Futures,9/1/2030,2030-09-01,-1.5525
9/30/2026,AB-NIT,NG Basis LD1 for NGX 7a Futures,10/1/2030,2030-10-01,-1.445
9/30/2026,AB-NIT,NG Basis LD1 for NGX 7a Futures,11/1/2030,2030-11-01,-1.58
9/30/2026,AB-NIT,NG Basis LD1 for NGX 7a Futures,12/1/2030,2030-12-01,-1.8925
9/30/2026,AB-NIT,NG Basis LD1 for NGX 7a Futures,1/1/2031,2031-01-01,-2.15
9/30/2026,AB-NIT,NG Basis LD1 for NGX 7a Futures,2/1/2031,2031-02-01,-1.6475
9/30/2026,AB-NIT,NG Basis LD1 for NGX 7a Futures,3/1/2031,2031-03-01,-1.305
9/30/2026,AB-NIT,NG Basis LD1 for NGX 7a Futures,4/1/2031,2031-04-01,-1.3175
9/30/2026,AB-NIT,NG Basis LD1 for NGX 7a Futures,5/1/2031,2031-05-01,-1.4475
9/30/2026,AB-NIT,NG Basis LD1 for NGX 7a Futures,6/1/2031,2031-06-01,-1.45
9/30/2026,AB-NIT,NG Basis LD1 for NGX 7a Futures,7/1/2031,2031-07-01,-1.4775
9/30/2026,AB-NIT,NG Basis LD1 for NGX 7a Futures,8/1/2031,2031-08-01,-1.4575
9/30/2026,AB-NIT,NG Basis LD1 for NGX 7a Futures,9/1/2031,2031-09-01,-1.4625
9/30/2026,AB-NIT,NG Basis LD1 for NGX 7a Futures,10/1/2031,2031-10-01,-1.34
9/30/2026,AB-NIT,NG Basis LD1 for NGX 7a Futures,11/1/2031,2031-11-01,-1.7675
9/30/2026,AB-NIT,NG Basis LD1 for NGX 7a Futures,12/1/2031,2031-12-01,-1.7175
9/30/2026,AB-NIT,NG Basis LD1 for NGX 7a Futures,1/1/2032,2032-01-01,-1.7075
9/30/2026,AB-NIT,NG Basis LD1 for NGX 7a Futures,2/1/2032,2032-02-01,-1.6175
9/30/2026,AB-NIT,NG Basis LD1 for NGX 7a Futures,3/1/2032,2032-03-01,-1.6475
9/30/2026,AB-NIT,NG Basis LD1 for NGX 7a Futures,4/1/2032,2032-04-01,-1.3525
9/30/2026,AB-NIT,NG Basis LD1 for NGX 7a Futures,5/1/2032,2032-05-01,-1.3625
9/30/2026,AB-NIT,NG Basis LD1 for NGX 7a Futures,6/1/2032,2032-06-01,-1.365
9/30/2026,AB-NIT,NG Basis LD1 for NGX 7a Futures,7/1/2032,2032-07-01,-1.3925
9/30/2026,AB-NIT,NG Basis LD1 for NGX 7a Futures,8/1/2032,2032-08-01,-1.3725
9/30/2026,AB-NIT,NG Basis LD1 for NGX 7a Futures,9/1/2032,2032-09-01,-1.3775
9/30/2026,AB-NIT,NG Basis LD1 for NGX 7a Futures,10/1/2032,2032-10-01,-1.3675
9/30/2026,AB-NIT,NG Basis LD1 for NGX 7a Futures,11/1/2032,2032-11-01,-1.5925
9/30/2026,AB-NIT,NG Basis LD1 for NGX 7a Futures,12/1/2032,2032-12-01,-1.535
9/30/2026,AB-NIT,NG Basis LD1 for NGX 7a Futures,1/1/2033,2033-01-01,-1.4275
9/30/2026,AB-NIT,NG Basis LD1 for NGX 7a Futures,2/1/2033,2033-02-01,-1.4175
9/30/2026,AB-NIT,NG Basis LD1 for NGX 7a Futures,3/1/2033,2033-03-01,-1.4525
9/30/2026,AB-NIT,NG Basis LD1 for NGX 7a Futures,4/1/2033,2033-04-01,-1.09
9/30/2026,AB-NIT,NG Basis LD1 for NGX 7a Futures,5/1/2033,2033-05-01,-1.1
9/30/2026,AB-NIT,NG Basis LD1 for NGX 7a Futures,6/1/2033,2033-06-01,-1.1025
9/30/2026,AB-NIT,NG Basis LD1 for NGX 7a Futures,7/1/2033,2033-07-01,-1.13
9/30/2026,AB-NIT,NG Basis LD1 for NGX 7a Futures,8/1/2033,2033-08-01,-1.11
9/30/2026,AB-NIT,NG Basis LD1 for NGX 7a Futures,9/1/2033,2033-09-01,-1.115
9/30/2026,AB-NIT,NG Basis LD1 for NGX 7a Futures,10/1/2033,2033-10-01,-1.1075
9/30/2026,AB-NIT,NG Basis LD1 for NGX 7a Futures,11/1/2033,2033-11-01,-1.295
9/30/2026,AB-NIT,NG Basis LD1 for NGX 7a Futures,12/1/2033,2033-12-01,-1.235
9/30/2026,AB-NIT,NG Basis LD1 for NGX 7a Futures,1/1/2034,2034-01-01,-1.0775
9/30/2026,AB-NIT,NG Basis LD1 for NGX 7a Futures,2/1/2034,2034-02-01,-1.07
9/30/2026,AB-NIT,NG Basis LD1 for NGX 7a Futures,3/1/2034,2034-03-01,-1.1025
9/30/2026,AB-NIT,NG Basis LD1 for NGX 7a Futures,4/1/2034,2034-04-01,-0.9975
9/30/2026,AB-NIT,NG Basis LD1 for NGX 7a Futures,5/1/2034,2034-05-01,-1.0075
9/30/2026,AB-NIT,NG Basis LD1 for NGX 7a Futures,6/1/2034,2034-06-01,-1.01
9/30/2026,AB-NIT,NG Basis LD1 for NGX 7a Futures,7/1/2034,2034-07-01,-1.0475
9/30/2026,AB-NIT,NG Basis LD1 for NGX 7a Futures,8/1/2034,2034-08-01,-1.0275
9/30/2026,AB-NIT,NG Basis LD1 for NGX 7a Futures,9/1/2034,2034-09-01,-1.0325
9/30/2026,AB-NIT,NG Basis LD1 for NGX 7a Futures,10/1/2034,2034-10-01,-1.015
9/30/2026,AB-NIT,NG Basis LD1 for NGX 7a Futures,11/1/2034,2034-11-01,-1.105
9/30/2026,AB-NIT,NG Basis LD1 for NGX 7a Futures,12/1/2034,2034-12-01,-1.0425
9/30/2026,AB-NIT,NG Basis LD1 for NGX 7a Futures,1/1/2035,2035-01-01,-1.07
9/30/2026,AB-NIT,NG Basis LD1 for NGX 7a Futures,2/1/2035,2035-02-01,-1.0625
9/30/2026,AB-NIT,NG Basis LD1 for NGX 7a Futures,3/1/2035,2035-03-01,-1.095
9/30/2026,AB-NIT,NG Basis LD1 for NGX 7a Futures,4/1/2035,2035-04-01,-1.0075
9/30/2026,AB-NIT,NG Basis LD1 for NGX 7a Futures,5/1/2035,2035-05-01,-1.0175
9/30/2026,AB-NIT,NG Basis LD1 for NGX 7a Futures,6/1/2035,2035-06-01,-1.02
9/30/2026,AB-NIT,NG Basis LD1 for NGX 7a Futures,7/1/2035,2035-07-01,-1.0475
9/30/2026,AB-NIT,NG Basis LD1 for NGX 7a Futures,8/1/2035,2035-08-01,-1.0275
9/30/2026,AB-NIT,NG Basis LD1 for NGX 7a Futures,9/1/2035,2035-09-01,-1.0325
9/30/2026,AB-NIT,NG Basis LD1 for NGX 7a Futures,10/1/2035,2035-10-01,-1.025
9/30/2026,AB-NIT,NG Basis LD1 for NGX 7a Futures,11/1/2035,2035-11-01,-1.1275
9/30/2026,AB-NIT,NG Basis LD1 for NGX 7a Futures,12/1/2035,2035-12-01,-1.065
9/30/2026,AB-NIT,NG Basis LD1 for NGX 7a Futures,1/1/2036,2036-01-01,-1.1025
9/30/2026,AB-NIT,NG Basis LD1 for NGX 7a Futures,2/1/2036,2036-02-01,-1.0925
9/30/2026,AB-NIT,NG Basis LD1 for NGX 7a Futures,3/1/2036,2036-03-01,-1.1275
9/30/2026,AB-NIT,NG Basis LD1 for NGX 7a Futures,4/1/2036,2036-04-01,-1.0125
9/30/2026,AB-NIT,NG Basis LD1 for NGX 7a Futures,5/1/2036,2036-05-01,-1.0225
9/30/2026,AB-NIT,NG Basis LD1 for NGX 7a Futures,6/1/2036,2036-06-01,-1.025
9/30/2026,AB-NIT,NG Basis LD1 for NGX 7a Futures,7/1/2036,2036-07-01,-1.0425
9/30/2026,AB-NIT,NG Basis LD1 for NGX 7a Futures,8/1/2036,2036-08-01,-1.0225
9/30/2026,AB-NIT,NG Basis LD1 for NGX 7a Futures,9/1/2036,2036-09-01,-1.0275
9/30/2026,AB-NIT,NG Basis LD1 for NGX 7a Futures,10/1/2036,2036-10-01,-1.03
9/30/2026,AB-NIT,NG Basis LD1 for NGX 7a Futures,11/1/2036,2036-11-01,-1.1425
9/30/2026,AB-NIT,NG Basis LD1 for NGX 7a Futures,12/1/2036,2036-12-01,-1.08
9/30/2026,AB-NIT,NG Basis LD1 for NGX 7a Futures,1/1/2037,2037-01-01,-1.1325
9/30/2026,AB-NIT,NG Basis LD1 for NGX 7a Futures,2/1/2037,2037-02-01,-1.12
9/30/2026,AB-NIT,NG Basis LD1 for NGX 7a Futures,3/1/2037,2037-03-01,-1.1575
9/30/2026,AB-NIT,NG Basis LD1 for NGX 7a Futures,4/1/2037,2037-04-01,-1.0175
9/30/2026,AB-NIT,NG Basis LD1 for NGX 7a Futures,5/1/2037,2037-05-01,-1.0275
9/30/2026,AB-NIT,NG Basis LD1 for NGX 7a Futures,6/1/2037,2037-06-01,-1.03
9/30/2026,AB-NIT,NG Basis LD1 for NGX 7a Futures,7/1/2037,2037-07-01,-1.0375
9/30/2026,AB-NIT,NG Basis LD1 for NGX 7a Futures,8/1/2037,2037-08-01,-1.0175
9/30/2026,AB-NIT,NG Basis LD1 for NGX 7a Futures,9/1/2037,2037-09-01,-1.0225
9/30/2026,AB-NIT,NG Basis LD1 for NGX 7a Futures,10/1/2037,2037-10-01,-1.035
9/30/2026,AB-NIT,NG Basis LD1 for NGX 7a Futures,11/1/2037,2037-11-01,-1.0525
9/30/2026,AB-NIT,NG Basis LD1 for NGX 7a Futures,12/1/2037,2037-12-01,-0.9925
9/30/2026,AB-NIT,NG Index NGX 7a for DA Futures (US/MM),9/1/2026,2026-09-01,0.1797
9/30/2026,AB-NIT,NG Index NGX 7a for DA Futures (US/MM),10/1/2026,2026-10-01,0.2785
9/30/2026,AB-NIT,NG Index NGX 7a for DA Futures (US/MM),11/1/2026,2026-11-01,-0.0109
9/30/2026,AB-NIT,NG Index NGX 7a for DA Futures (US/MM),12/1/2026,2026-12-01,0.004
9/30/2026,AB-NIT,NG Index NGX 7a for DA Futures (US/MM),1/1/2027,2027-01-01,0.004
9/30/2026,AB-NIT,NG Index NGX 7a for DA Futures (US/MM),2/1/2027,2027-02-01,0.004
9/30/2026,AB-NIT,NG Index NGX 7a for DA Futures (US/MM),3/1/2027,2027-03-01,0.004
9/30/2026,AB-NIT,NG Index NGX 7a for DA Futures (US/MM),4/1/2027,2027-04-01,0.002
9/30/2026,AB-NIT,NG Index NGX 7a for DA Futures (US/MM),5/1/2027,2027-05-01,0.002
9/30/2026,AB-NIT,NG Index NGX 7a for DA Futures (US/MM),6/1/2027,2027-06-01,0.002
9/30/2026,AB-NIT,NG Index NGX 7a for DA Futures (US/MM),7/1/2027,2027-07-01,0.002
9/30/2026,AB-NIT,NG Index NGX 7a for DA Futures (US/MM),8/1/2027,2027-08-01,0.002
9/30/2026,AB-NIT,NG Index NGX 7a for DA Futures (US/MM),9/1/2027,2027-09-01,0.002
9/30/2026,AB-NIT,NG Index NGX 7a for DA Futures (US/MM),10/1/2027,2027-10-01,0.002
9/30/2026,AB-NIT,NG Index NGX 7a for DA Futures (US/MM),11/1/2027,2027-11-01,0.004
9/30/2026,AB-NIT,NG Index NGX 7a for DA Futures (US/MM),12/1/2027,2027-12-01,0.004
9/30/2026,AB-NIT,NG Index NGX 7a for DA Futures (US/MM),1/1/2028,2028-01-01,0.004
9/30/2026,AB-NIT,NG Index NGX 7a for DA Futures (US/MM),2/1/2028,2028-02-01,0.004
9/30/2026,AB-NIT,NG Index NGX 7a for DA Futures (US/MM),3/1/2028,2028-03-01,0.004
9/30/2026,AB-NIT,NG Index NGX 7a for DA Futures (US/MM),4/1/2028,2028-04-01,0.002
9/30/2026,AB-NIT,NG Index NGX 7a for DA Futures (US/MM),5/1/2028,2028-05-01,0.002
9/30/2026,AB-NIT,NG Index NGX 7a for DA Futures (US/MM),6/1/2028,2028-06-01,0.002
9/30/2026,AB-NIT,NG Index NGX 7a for DA Futures (US/MM),7/1/2028,2028-07-01,0.002
9/30/2026,AB-NIT,NG Index NGX 7a for DA Futures (US/MM),8/1/2028,2028-08-01,0.002
9/30/2026,AB-NIT,NG Index NGX 7a for DA Futures (US/MM),9/1/2028,2028-09-01,0.002
9/30/2026,AB-NIT,NG Index NGX 7a for DA Futures (US/MM),10/1/2028,2028-10-01,0.002
9/30/2026,AB-NIT,NG Index NGX 7a for DA Futures (US/MM),11/1/2028,2028-11-01,0.004
9/30/2026,AB-NIT,NG Index NGX 7a for DA Futures (US/MM),12/1/2028,2028-12-01,0.004
9/30/2026,AB-NIT,NG Swing NGX DA Futures (US/MM),9/29/2026,2026-09-29,1.4202
9/30/2026,AB-NIT,NG Swing NGX DA Futures (US/MM),9/30/2026,2026-09-30,1.4402
9/30/2026,AB-NIT,NG Swing NGX DA Futures (US/MM),10/1/2026,2026-10-01,1.4461
9/30/2026,AB-NIT,NG Swing NGX DA Futures (US/MM),10/2/2026,2026-10-02,1.3606
9/30/2026,AB-NIT,NG Swing NGX DA Futures (US/MM),10/3/2026,2026-10-03,1.3606
9/30/2026,AB-NIT,NG Swing NGX DA Futures (US/MM),10/4/2026,2026-10-04,1.3606
9/30/2026,AB-NIT,NG Swing NGX DA Futures (US/MM),10/5/2026,2026-10-05,1.3606
9/30/2026,AB-NIT,NG Swing NGX DA Futures (US/MM),10/6/2026,2026-10-06,1.3606
9/30/2026,AB-NIT,NG Swing NGX DA Futures (US/MM),10/7/2026,2026-10-07,1.3606
9/30/2026,AB-NIT,NG Swing NGX DA Futures (US/MM),10/8/2026,2026-10-08,1.3606
9/30/2026,AB-NIT,NG Swing NGX DA Futures (US/MM),10/9/2026,2026-10-09,1.3606
9/30/2026,AB-NIT,NG Swing NGX DA Futures (US/MM),10/10/2026,2026-10-10,1.3606
9/30/2026,AB-NIT,NG Swing NGX DA Futures (US/MM),10/11/2026,2026-10-11,1.3606
9/30/2026,AB-NIT,NG Swing NGX DA Futures (US/MM),10/12/2026,2026-10-12,1.3606
9/30/2026,AB-NIT,NG Swing NGX DA Futures (US/MM),10/13/2026,2026-10-13,1.3606
9/30/2026,AB-NIT,NG Swing NGX DA Futures (US/MM),10/14/2026,2026-10-14,1.3606
9/30/2026,AB-NIT,NG Swing NGX DA Futures (US/MM),10/15/2026,2026-10-15,1.3606
9/30/2026,AB-NIT,NG Swing NGX DA Futures (US/MM),10/16/2026,2026-10-16,1.3606
9/30/2026,AB-NIT,NG Swing NGX DA Futures (US/MM),10/17/2026,2026-10-17,1.3606
9/30/2026,AB-NIT,NG Swing NGX DA Futures (US/MM),10/18/2026,2026-10-18,1.3606
9/30/2026,AB-NIT,NG Swing NGX DA Futures (US/MM),10/19/2026,2026-10-19,1.3606
9/30/2026,AB-NIT,NG Swing NGX DA Futures (US/MM),10/20/2026,2026-10-20,1.3606
9/30/2026,AB-NIT,NG Swing NGX DA Futures (US/MM),10/21/2026,2026-10-21,1.3606
9/30/2026,AB-NIT,NG Swing NGX DA Futures (US/MM),10/22/2026,2026-10-22,1.3606
9/30/2026,AB-NIT,NG Swing NGX DA Futures (US/MM),10/23/2026,2026-10-23,1.3606
9/30/2026,AB-NIT,NG Swing NGX DA Futures (US/MM),10/24/2026,2026-10-24,1.3606
9/30/2026,AB-NIT,NG Swing NGX DA Futures (US/MM),10/25/2026,2026-10-25,1.3606
9/30/2026,AB-NIT,NG Swing NGX DA Futures (US/MM),10/26/2026,2026-10-26,1.3606
9/30/2026,AB-NIT,NG Swing NGX DA Futures (US/MM),10/27/2026,2026-10-27,1.3606
9/30/2026,AB-NIT,NG Swing NGX DA Futures (US/MM),10/28/2026,2026-10-28,1.3606
9/30/2026,AB-NIT,NG Swing NGX DA Futures (US/MM),10/29/2026,2026-10-29,1.3606
9/30/2026,AB-NIT,NG Swing NGX DA Futures (US/MM),10/30/2026,2026-10-30,1.3606
9/30/2026,AB-NIT,NG Swing NGX DA Futures (US/MM),10/31/2026,2026-10-31,1.3606
9/30/2026,AB-NIT,NG Swing NGX DA Futures (US/MM),11/1/2026,2026-11-01,1.4126
9/30/2026,AB-NIT,NG Swing NGX DA Futures (US/MM),11/2/2026,2026-11-02,1.4126
9/30/2026,AB-NIT,NG Swing NGX DA Futures (US/MM),11/3/2026,2026-11-03,1.4126
9/30/2026,AB-NIT,NG Swing NGX DA Futures (US/MM),11/4/2026,2026-11-04,1.4126
