Date,ANR-SE,ANR-SW,Algonquin,CG-Mainline,CG-Onshore,CIG,Cheyenne Hub,Chicago,Consumers,EP West Texas,Eastern Gas-South,Enable Gas,Enbridge-Dawn,FGT-Z3,HSC,Henry,Iroquois (into),Iroquois-Z2,Katy,Kern Delivered,Michcon,Millennium East Pool,NGPL-Midcont Pool,NGPL-STX,NGPL-TxOk,NNG-Demarc,NNG-Ventura,NWP-Rockies,NWP-Sumas,ONEOK,PG&E-Citygate,PGT-Malin,Panhandle,Permian (EP),Pine Prairie,REX-Z3,San Juan (EP),Socal-Border,Socal-Citygate,Sonat-Z0,Southern Star,TCO,TETCO-ELA,TETCO-M2 (receipts),TETCO-M3,TETCO-STX,TETCO-WLA,TGP-500L,TGP-800L,TGP-Z0,TGP-Z1,TGP-Z4 200L,TGP-Z4 300L,TGP-Z6 200L North,TGP-Z6 200L South,TGT (Zone 1),Transco-165,Transco-30,Transco-45,Transco-65,Transco-85,Transco-Leidy,Transco-Z3,Transco-Z5,Transco-Z5 South,Transco-Z6  (non-NY),Transco-Z6 (NY),Trunkline-Z1A,Waha
2026-06-01,3.035,2.46,2.175,2.8,2.965,1.5,1.5,2.635,2.575,-1.8,2.06,2.73,2.535,3.555,2.835,3.34,2.45,2.455,2.81,1.54,2.5,1.97,2.63,2.78,2.72,2.5,2.565,1.49,1.45,2.655,1.81,1.495,2.5,-1.8,3.03,2.605,1.4,1.415,2.505,3.41,2.545,2.17,2.99,2.045,2.09,2.835,3.03,3.39,2.845,2.78,2.785,2.07,1.875,2.365,2.185,2.8,2.14,2.755,2.93,3.38,3.4,2.06,3.31,2.66,3.425,2.075,2.1,2.745,-1.78
2026-06-02,2.86,2.27,2.295,2.715,2.84,1.385,1.41,2.64,2.605,-2.455,1.855,2.635,2.585,3.5,2.73,3.085,2.53,2.515,2.73,1.425,2.6,1.805,2.59,2.655,2.66,2.47,2.53,1.38,1.345,2.37,1.635,1.37,2.34,-2.455,2.885,2.64,1.24,1.375,2.425,3.33,2.395,1.99,2.87,1.86,1.925,2.735,2.87,3.32,2.755,2.655,2.61,1.905,1.79,2.25,2.16,2.72,1.95,2.48,2.815,3.285,3.32,1.875,3.115,2.88,3.37,1.905,1.965,2.69,-2.375
2026-06-03,2.825,2.305,2.01,2.625,2.7,1.475,1.505,2.635,2.62,-1.7,1.865,2.655,2.6,3.01,2.66,2.965,2.565,2.59,2.625,1.53,2.63,1.83,2.565,2.57,2.635,2.51,2.535,1.49,1.38,2.425,1.655,1.425,2.32,-1.695,2.84,2.62,1.44,1.61,2.65,3.005,2.375,1.96,2.745,1.845,1.915,2.58,2.76,2.99,2.735,2.58,2.645,1.92,1.865,2.225,1.985,2.685,1.99,2.62,2.745,2.92,2.95,1.875,2.9,2.57,2.96,1.905,1.945,2.565,-1.75
2026-06-04,2.73,2.33,2.495,2.68,2.72,1.57,1.61,2.68,2.665,-1.04,1.98,2.74,2.65,3.015,2.66,2.945,2.695,2.69,2.685,1.675,2.655,2.03,2.615,2.625,2.685,2.59,2.6,1.59,1.355,2.51,1.79,1.43,2.365,-1.03,2.85,2.645,1.545,1.72,2.72,2.975,2.395,2.11,2.775,2.025,2.12,2.605,2.78,2.945,2.755,2.6,2.65,2.15,1.96,2.49,2.3,2.735,2.14,2.67,2.76,2.93,2.945,2.1,2.9,2.71,2.995,2.09,2.21,2.66,-1.025
2026-06-05,2.84,2.36,2.44,2.81,2.9,1.57,1.625,2.805,2.795,-0.345,2.185,2.745,2.775,3.115,2.715,3.085,2.67,2.74,2.75,1.7,2.78,2.22,2.755,2.71,2.78,2.7,2.725,1.635,1.495,2.6,1.77,1.51,2.375,-0.335,2.98,2.765,1.585,1.745,2.725,3.065,2.655,2.28,2.885,2.225,2.305,2.72,2.93,3.045,2.885,2.72,2.81,2.245,2.2,2.495,2.41,2.825,2.34,2.75,2.92,3.03,3.05,2.265,2.995,2.805,3.095,2.29,2.36,2.795,-0.37
2026-06-06,2.725,2.495,2.4,2.755,2.875,1.42,1.445,2.69,2.685,-1.04,2.17,2.73,2.655,3.19,2.68,3.04,2.58,2.73,2.7,1.495,2.665,2.19,2.64,2.655,2.685,2.555,2.625,1.45,1.4,2.605,1.745,1.405,2.52,-1.02,2.885,2.68,1.36,1.49,2.62,3.065,2.505,2.315,2.845,2.175,2.28,2.68,2.845,3.055,2.83,2.675,2.745,2.235,2.18,2.51,2.37,2.765,2.31,2.73,2.78,3.04,3.05,2.21,3.02,2.78,3.135,2.21,2.315,2.705,-1.025
2026-06-07,2.725,2.495,2.4,2.755,2.875,1.42,1.445,2.69,2.685,-1.04,2.17,2.73,2.655,3.19,2.68,3.04,2.58,2.73,2.7,1.495,2.665,2.19,2.64,2.655,2.685,2.555,2.625,1.45,1.4,2.605,1.745,1.405,2.52,-1.02,2.885,2.68,1.36,1.49,2.62,3.065,2.505,2.315,2.845,2.175,2.28,2.68,2.845,3.055,2.83,2.675,2.745,2.235,2.18,2.51,2.37,2.765,2.31,2.73,2.78,3.04,3.05,2.21,3.02,2.78,3.135,2.21,2.315,2.705,-1.025
2026-06-08,2.725,2.495,2.4,2.755,2.875,1.42,1.445,2.69,2.685,-1.04,2.17,2.73,2.655,3.19,2.68,3.04,2.58,2.73,2.7,1.495,2.665,2.19,2.64,2.655,2.685,2.555,2.625,1.45,1.4,2.605,1.745,1.405,2.52,-1.02,2.885,2.68,1.36,1.49,2.62,3.065,2.505,2.315,2.845,2.175,2.28,2.68,2.845,3.055,2.83,2.675,2.745,2.235,2.18,2.51,2.37,2.765,2.31,2.73,2.78,3.04,3.05,2.21,3.02,2.78,3.135,2.21,2.315,2.705,-1.025
2026-06-09,2.68,2.32,2.48,2.725,2.82,1.28,1.285,2.69,2.68,-0.33,2.14,2.76,2.67,3.6,2.695,3.1,2.655,2.68,2.645,1.4,2.66,2.15,2.56,2.66,2.72,2.55,2.63,1.355,1.28,2.46,1.64,1.32,2.33,-0.32,2.805,2.685,1.275,1.53,2.665,3.58,2.45,2.34,2.835,2.115,2.205,2.645,2.845,3.535,2.735,2.65,2.69,2.25,2.16,2.53,2.44,2.73,2.23,2.65,2.88,3.435,3.565,2.17,3.29,3.285,3.64,2.195,2.31,2.72,-0.36
2026-06-10,2.82,2.385,2.67,2.8,2.9,1.42,1.46,2.76,2.76,-1.02,2.365,2.745,2.755,3.62,2.735,3.175,2.76,2.77,2.735,1.51,2.72,2.415,2.645,2.71,2.75,2.66,2.71,1.455,1.375,2.505,1.75,1.37,2.42,-1.005,2.905,2.725,1.425,1.6,2.735,3.595,2.565,2.465,2.885,2.395,2.52,2.73,2.835,3.555,2.82,2.71,2.8,2.5,2.385,2.72,2.61,2.795,2.52,2.73,2.815,3.505,3.615,2.48,3.32,3.21,3.645,2.495,2.6,2.79,-1.025
2026-06-11,2.92,2.57,3.13,2.84,2.935,1.5,1.53,2.81,2.835,-1.19,2.54,2.84,2.825,3.955,2.795,3.255,2.895,3.025,2.805,1.615,2.8,2.45,2.715,2.785,2.83,2.675,2.695,1.555,1.4,2.625,1.74,1.435,2.58,-1.175,2.95,2.81,1.5,1.7,2.77,3.92,2.655,2.6,2.985,2.595,2.755,2.8,2.905,3.915,2.825,2.775,2.845,2.595,2.42,3.205,2.99,2.875,2.82,2.815,2.85,3.87,3.94,2.635,3.505,3.765,4.06,2.76,2.89,2.825,-1.18
2026-06-12,2.735,2.44,2.9,2.72,2.81,1.57,1.59,2.695,2.725,-0.955,2.44,2.76,2.73,3.88,2.74,3.16,2.75,2.825,2.71,1.66,2.71,2.455,2.585,2.69,2.71,2.57,2.595,1.605,1.355,2.545,1.805,1.43,2.425,-0.94,2.815,2.665,1.595,1.8,2.8,3.865,2.55,2.54,2.805,2.475,2.605,2.69,2.785,3.8,2.77,2.695,2.69,2.49,2.45,3.045,2.715,2.75,2.635,2.715,2.785,3.795,3.87,2.565,3.43,3.65,3.97,2.625,2.71,2.725,-0.955
2026-06-13,2.725,2.46,2.9,2.65,2.74,1.62,1.61,2.635,2.695,-0.635,2.31,2.655,2.675,3.905,2.605,3.08,2.7,2.925,2.655,1.71,2.68,2.28,2.595,2.605,2.665,2.4,2.47,1.645,1.41,2.515,1.725,1.4,2.49,-0.61,2.785,2.59,1.605,1.84,2.79,3.67,2.535,2.38,2.715,2.31,2.415,2.63,2.75,3.615,2.745,2.63,2.635,2.415,2.215,3.03,2.605,2.67,2.41,2.655,2.735,3.66,3.655,2.375,3.385,3.49,3.745,2.395,2.5,2.64,-0.525
2026-06-14,2.725,2.46,2.9,2.65,2.74,1.62,1.61,2.635,2.695,-0.635,2.31,2.655,2.675,3.905,2.605,3.08,2.7,2.925,2.655,1.71,2.68,2.28,2.595,2.605,2.665,2.4,2.47,1.645,1.41,2.515,1.725,1.4,2.49,-0.61,2.785,2.59,1.605,1.84,2.79,3.67,2.535,2.38,2.715,2.31,2.415,2.63,2.75,3.615,2.745,2.63,2.635,2.415,2.215,3.03,2.605,2.67,2.41,2.655,2.735,3.66,3.655,2.375,3.385,3.49,3.745,2.395,2.5,2.64,-0.525
2026-06-15,2.725,2.46,2.9,2.65,2.74,1.62,1.61,2.635,2.695,-0.635,2.31,2.655,2.675,3.905,2.605,3.08,2.7,2.925,2.655,1.71,2.68,2.28,2.595,2.605,2.665,2.4,2.47,1.645,1.41,2.515,1.725,1.4,2.49,-0.61,2.785,2.59,1.605,1.84,2.79,3.67,2.535,2.38,2.715,2.31,2.415,2.63,2.75,3.615,2.745,2.63,2.635,2.415,2.215,3.03,2.605,2.67,2.41,2.655,2.735,3.66,3.655,2.375,3.385,3.49,3.745,2.395,2.5,2.64,-0.525
2026-06-16,2.7,2.585,2.9,2.625,2.75,2.2,2.22,2.655,2.745,0.22,2.1,2.665,2.71,3.84,2.61,3.055,2.735,2.755,2.645,2.475,2.66,2.045,2.64,2.62,2.665,2.56,2.565,2.29,1.375,2.615,2.225,1.465,2.59,0.22,2.795,2.61,2.8,3.27,3.565,3.575,2.6,2.295,2.795,2.09,2.21,2.595,2.825,3.53,2.71,2.59,2.635,2.305,2.08,2.89,2.445,2.66,2.245,2.7,2.65,3.55,3.55,2.17,3.3,3.275,3.595,2.195,2.265,2.595,0.255
2026-06-17,2.84,2.57,2.5,2.735,2.86,2.165,2.275,2.685,2.665,0.63,2.34,2.715,2.615,4.3,2.65,3.1,2.61,2.675,2.7,2.385,2.67,2.35,2.635,2.68,2.72,2.6,2.6,2.225,1.38,2.625,2.12,1.43,2.595,0.635,2.885,2.64,2.145,3.285,3.575,3.825,2.59,2.4,2.82,2.31,2.415,2.685,2.905,3.715,2.75,2.67,2.665,2.46,2.365,2.75,2.52,2.77,2.42,2.72,2.725,3.785,3.77,2.38,3.365,3.635,3.81,2.4,2.445,2.725,0.695
2026-06-18,2.865,2.465,2.64,2.675,2.775,2.195,2.235,2.615,2.605,1.62,2.29,2.655,2.59,4.355,2.725,3.315,2.6,2.625,2.695,2.36,2.605,2.26,2.545,2.655,2.625,2.515,2.53,2.24,1.36,2.515,1.975,1.425,2.49,1.62,2.855,2.595,2.195,3.285,3.585,3.875,2.545,2.375,2.83,2.27,2.385,2.685,2.845,3.82,2.71,2.68,2.63,2.42,2.25,2.75,2.535,2.69,2.395,2.74,2.77,3.87,3.895,2.365,3.52,3.615,3.945,2.395,2.46,2.65,1.66
2026-06-19,2.81,2.38,2.265,2.65,2.79,2.115,2.17,2.515,2.49,1.795,2.12,2.64,2.425,4.205,2.585,3.085,2.39,2.365,2.625,2.29,2.475,2.03,2.5,2.605,2.63,2.365,2.4,2.205,1.35,2.55,1.89,1.45,2.41,1.8,2.885,2.49,2.12,2.845,3.565,3.835,2.475,2.335,2.78,2.105,2.18,2.675,2.87,3.82,2.64,2.605,2.58,2.25,2.04,2.38,2.29,2.695,2.255,2.645,2.625,3.81,3.78,2.15,3.485,2.96,3.74,2.16,2.195,2.6,1.85
2026-06-20,2.81,2.38,2.265,2.65,2.79,2.115,2.17,2.515,2.49,1.795,2.12,2.64,2.425,4.205,2.585,3.085,2.39,2.365,2.625,2.29,2.475,2.03,2.5,2.605,2.63,2.365,2.4,2.205,1.35,2.55,1.89,1.45,2.41,1.8,2.885,2.49,2.12,2.845,3.565,3.835,2.475,2.335,2.78,2.105,2.18,2.675,2.87,3.82,2.64,2.605,2.58,2.25,2.04,2.38,2.29,2.695,2.255,2.645,2.625,3.81,3.78,2.15,3.485,2.96,3.74,2.16,2.195,2.6,1.85
2026-06-21,2.81,2.38,2.265,2.65,2.79,2.115,2.17,2.515,2.49,1.795,2.12,2.64,2.425,4.205,2.585,3.085,2.39,2.365,2.625,2.29,2.475,2.03,2.5,2.605,2.63,2.365,2.4,2.205,1.35,2.55,1.89,1.45,2.41,1.8,2.885,2.49,2.12,2.845,3.565,3.835,2.475,2.335,2.78,2.105,2.18,2.675,2.87,3.82,2.64,2.605,2.58,2.25,2.04,2.38,2.29,2.695,2.255,2.645,2.625,3.81,3.78,2.15,3.485,2.96,3.74,2.16,2.195,2.6,1.85
2026-06-22,2.81,2.38,2.265,2.65,2.79,2.115,2.17,2.515,2.49,1.795,2.12,2.64,2.425,4.205,2.585,3.085,2.39,2.365,2.625,2.29,2.475,2.03,2.5,2.605,2.63,2.365,2.4,2.205,1.35,2.55,1.89,1.45,2.41,1.8,2.885,2.49,2.12,2.845,3.565,3.835,2.475,2.335,2.78,2.105,2.18,2.675,2.87,3.82,2.64,2.605,2.58,2.25,2.04,2.38,2.29,2.695,2.255,2.645,2.625,3.81,3.78,2.15,3.485,2.96,3.74,2.16,2.195,2.6,1.85
2026-06-23,2.86,2.495,2.595,2.79,2.95,1.74,1.74,2.74,2.745,1.29,2.325,2.685,2.685,4.435,2.66,3.155,2.61,2.665,2.74,2,2.735,2.365,2.65,2.7,2.725,2.675,2.69,1.885,1.29,2.5,1.91,1.535,2.56,1.305,2.945,2.665,1.885,2.435,3.17,4.3,2.52,2.535,2.875,2.32,2.4,2.66,2.945,4.21,2.8,2.69,2.795,2.425,2.36,2.58,2.51,2.82,2.425,2.71,2.81,4.375,4.405,2.37,3.625,4.11,4.505,2.385,2.43,2.75,1.38
2026-06-24,2.87,2.555,2.7,2.77,2.76,2.01,2.06,2.735,2.775,1.405,2.42,2.77,2.725,4.44,2.73,3.15,2.735,2.75,2.75,2.155,2.76,2.42,2.66,2.725,2.715,2.69,2.7,2.06,1.08,2.6,2.095,1.855,2.605,1.41,2.925,2.69,2.015,2.565,3.295,4.23,2.595,2.52,2.905,2.43,2.495,2.74,2.905,4.21,2.82,2.74,2.785,2.53,2.395,2.735,2.645,2.8,2.505,2.73,2.805,4.2,4.29,2.435,3.5,3.625,4.345,2.465,2.53,2.74,1.415
2026-06-25,2.91,2.61,2.61,2.78,2.8,2.165,2.245,2.76,2.75,1.5,2.425,2.77,2.735,4.48,2.74,3.215,2.69,2.76,2.745,2.375,2.75,2.4,2.665,2.715,2.74,2.74,2.73,2.245,1.245,2.65,2.075,1.41,2.64,1.51,2.93,2.725,2.255,2.6,3.29,4.315,2.615,2.56,2.915,2.42,2.5,2.72,2.905,4.295,2.795,2.715,2.76,2.54,2.405,2.65,2.6,2.825,2.525,2.71,2.835,4.275,4.33,2.485,3.555,3.78,4.36,2.49,2.525,2.77,1.495
2026-06-26,2.88,2.615,2.975,2.815,2.815,1.935,1.96,2.75,2.81,1.775,2.42,2.82,2.765,4.47,2.8,3.285,2.8,2.81,2.795,2.1,2.81,2.35,2.68,2.77,2.755,2.665,2.68,2.06,1.18,2.655,1.96,1.315,2.635,1.775,2.97,2.73,2.005,2.535,3.22,4.415,2.66,2.56,2.9,2.42,2.495,2.775,2.975,4.32,2.8,2.77,2.8,2.515,2.375,2.965,2.785,2.82,2.51,2.83,2.84,4.38,4.44,2.45,3.76,4,4.45,2.46,2.515,2.825,1.805
2026-06-27,2.825,2.665,2.81,2.86,3.025,1.37,1.365,2.765,2.85,1.465,2.6,2.87,2.845,4.68,2.76,3.285,2.805,2.865,2.785,1.565,2.84,2.585,2.74,2.73,2.785,2.67,2.68,1.46,1.205,2.565,1.76,1.255,2.665,1.47,3,2.77,1.545,1.81,2.77,4.515,2.635,2.695,2.94,2.61,2.71,2.765,2.985,4.395,2.9,2.725,2.835,2.65,2.53,2.9,2.78,2.87,2.705,2.69,2.95,4.46,4.515,2.64,3.945,3.575,4.575,2.675,2.75,2.845,1.505
2026-06-28,2.825,2.665,2.81,2.86,3.025,1.37,1.365,2.765,2.85,1.465,2.6,2.87,2.845,4.68,2.76,3.285,2.805,2.865,2.785,1.565,2.84,2.585,2.74,2.73,2.785,2.67,2.68,1.46,1.205,2.565,1.76,1.255,2.665,1.47,3,2.77,1.545,1.81,2.77,4.515,2.635,2.695,2.94,2.61,2.71,2.765,2.985,4.395,2.9,2.725,2.835,2.65,2.53,2.9,2.78,2.87,2.705,2.69,2.95,4.46,4.515,2.64,3.945,3.575,4.575,2.675,2.75,2.845,1.505
2026-06-29,2.825,2.665,2.81,2.86,3.025,1.37,1.365,2.765,2.85,1.465,2.6,2.87,2.845,4.68,2.76,3.285,2.805,2.865,2.785,1.565,2.84,2.585,2.74,2.73,2.785,2.67,2.68,1.46,1.205,2.565,1.76,1.255,2.665,1.47,3,2.77,1.545,1.81,2.77,4.515,2.635,2.695,2.94,2.61,2.71,2.765,2.985,4.395,2.9,2.725,2.835,2.65,2.53,2.9,2.78,2.87,2.705,2.69,2.95,4.46,4.515,2.64,3.945,3.575,4.575,2.675,2.75,2.845,1.505
2026-06-30,2.99,2.525,3.46,2.925,3.015,1.18,1.13,2.87,2.885,1.19,2.865,2.855,2.845,4.735,2.745,3.35,2.98,3.235,2.765,1.275,2.825,2.885,2.685,2.75,2.785,2.8,2.8,1.155,1.08,2.58,1.4,1.135,2.575,1.19,2.955,2.865,1.26,1.53,2.63,4.72,2.555,2.895,3.005,2.86,3.015,2.77,2.975,4.395,2.9,2.75,2.895,2.86,2.84,3.595,3.23,2.895,3,2.755,2.865,4.675,4.71,2.985,4.14,4.315,4.84,3.04,3.12,2.89,1.27
2026-07-01,2.885,2.53,4.2,2.85,2.935,0.805,0.86,2.82,2.87,0.75,2.675,2.81,2.875,4.615,2.765,3.34,3.035,4.085,2.76,0.825,2.815,2.735,2.55,2.73,2.74,2.81,2.81,0.76,0.915,2.45,1.07,0.85,2.515,0.745,2.945,2.795,0.705,1.12,2.29,4.64,2.585,2.745,2.945,2.74,2.91,2.775,2.945,4.3,2.86,2.76,2.83,2.765,2.675,4.14,3.625,2.87,2.97,2.715,2.91,4.61,4.69,2.82,3.725,4.2,4.815,2.91,3.025,2.855,0.77
2026-07-02,2.83,2.545,5.135,2.765,2.835,0.96,0.98,2.78,2.77,0.625,2.515,2.795,2.785,4.395,2.75,3.325,3.38,11.555,2.7,0.99,2.735,2.58,2.575,2.695,2.705,2.72,2.775,0.97,0.93,2.465,1.19,0.935,2.52,0.625,2.87,2.73,0.83,0.9,1.93,4.28,2.475,2.625,2.87,2.63,2.76,2.71,2.835,4.065,2.75,2.705,2.72,2.645,2.535,5.46,4.81,2.8,2.795,2.74,2.825,4.26,4.395,2.7,3.76,4.11,4.51,2.735,2.95,2.765,0.61
2026-07-03,2.755,2.56,3.515,2.695,2.8,0.91,0.935,2.685,2.725,0.655,2.515,2.72,2.745,4.01,2.61,3.28,3.06,7.22,2.605,0.99,2.705,2.6,2.57,2.6,2.635,2.635,2.695,0.96,0.965,2.46,1.25,1.005,2.535,0.66,2.785,2.635,0.875,0.935,1.885,3.76,2.5,2.605,2.71,2.51,2.655,2.605,2.78,3.815,2.72,2.59,2.685,2.605,2.42,4.75,3.715,2.7,2.655,2.595,2.7,3.83,3.83,2.61,3.415,3.735,3.92,2.655,2.755,2.67,0.62
2026-07-04,2.755,2.56,3.515,2.695,2.8,0.91,0.935,2.685,2.725,0.655,2.515,2.72,2.745,4.01,2.61,3.28,3.06,7.22,2.605,0.99,2.705,2.6,2.57,2.6,2.635,2.635,2.695,0.96,0.965,2.46,1.25,1.005,2.535,0.66,2.785,2.635,0.875,0.935,1.885,3.76,2.5,2.605,2.71,2.51,2.655,2.605,2.78,3.815,2.72,2.59,2.685,2.605,2.42,4.75,3.715,2.7,2.655,2.595,2.7,3.83,3.83,2.61,3.415,3.735,3.92,2.655,2.755,2.67,0.62
2026-07-05,2.755,2.56,3.515,2.695,2.8,0.91,0.935,2.685,2.725,0.655,2.515,2.72,2.745,4.01,2.61,3.28,3.06,7.22,2.605,0.99,2.705,2.6,2.57,2.6,2.635,2.635,2.695,0.96,0.965,2.46,1.25,1.005,2.535,0.66,2.785,2.635,0.875,0.935,1.885,3.76,2.5,2.605,2.71,2.51,2.655,2.605,2.78,3.815,2.72,2.59,2.685,2.605,2.42,4.75,3.715,2.7,2.655,2.595,2.7,3.83,3.83,2.61,3.415,3.735,3.92,2.655,2.755,2.67,0.62
2026-07-06,2.755,2.56,3.515,2.695,2.8,0.91,0.935,2.685,2.725,0.655,2.515,2.72,2.745,4.01,2.61,3.28,3.06,7.22,2.605,0.99,2.705,2.6,2.57,2.6,2.635,2.635,2.695,0.96,0.965,2.46,1.25,1.005,2.535,0.66,2.785,2.635,0.875,0.935,1.885,3.76,2.5,2.605,2.71,2.51,2.655,2.605,2.78,3.815,2.72,2.59,2.685,2.605,2.42,4.75,3.715,2.7,2.655,2.595,2.7,3.83,3.83,2.61,3.415,3.735,3.92,2.655,2.755,2.67,0.62
2026-07-07,2.805,2.595,2.635,2.73,2.84,1.63,1.71,2.735,2.74,1.495,2.315,2.665,2.755,4.04,2.65,3.26,2.74,2.775,2.655,1.885,2.72,2.3,2.615,2.61,2.64,2.735,2.73,1.685,1.33,2.545,1.9,1.4,2.56,1.51,2.865,2.68,1.755,2.005,2.825,3.91,2.54,2.48,2.795,2.345,2.375,2.66,2.815,3.885,2.74,2.595,2.71,2.445,2.285,2.745,2.55,2.77,2.345,2.57,2.805,3.89,3.93,2.315,3.375,3.645,4.055,2.315,2.345,2.725,1.5
2026-07-08,2.745,2.655,2.615,2.68,2.77,1.665,1.685,2.75,2.79,1.775,2.285,2.655,2.805,4.035,2.665,3.13,2.81,2.82,2.675,1.925,2.745,2.23,2.64,2.665,2.665,2.8,2.79,1.745,1.29,2.645,1.81,1.34,2.63,1.775,2.82,2.7,1.795,2.03,2.97,3.91,2.57,2.365,2.72,2.26,2.315,2.665,2.79,3.83,2.745,2.65,2.71,2.455,2.23,2.695,2.555,2.72,2.35,2.66,2.81,3.855,3.895,2.31,3.45,3.49,4.015,2.29,2.37,2.71,1.755
2026-07-09,2.775,2.62,3.1,2.715,2.78,2.185,2.21,2.8,2.83,1.755,2.475,2.71,2.825,4.215,2.735,3.305,2.82,3.015,2.69,2.295,2.81,2.445,2.65,2.68,2.72,2.765,2.8,2.21,1.715,2.635,2.065,1.78,2.65,1.76,2.845,2.73,2.005,2.27,3.075,4.11,2.635,2.53,2.825,2.47,2.565,2.675,2.83,4.05,2.755,2.685,2.745,2.605,2.4,3.06,2.91,2.79,2.54,2.705,2.775,4.095,4.135,2.53,3.595,3.98,4.225,2.54,2.66,2.78,1.75
2026-07-10,2.69,2.52,2.755,2.62,2.705,1.94,1.985,2.695,2.705,1.55,2.395,2.695,2.715,4.01,2.605,3.145,2.72,2.84,2.56,2.025,2.69,2.365,2.545,2.53,2.66,2.685,2.68,1.99,1.865,2.55,2.205,1.905,2.545,1.555,2.785,2.635,1.9,2.005,2.9,3.85,2.53,2.48,2.7,2.42,2.53,2.56,2.73,3.705,2.72,2.58,2.665,2.515,2.335,2.8,2.65,2.735,2.545,2.56,2.765,3.845,3.88,2.49,3.39,3.71,3.99,2.51,2.645,2.69,1.535
2026-07-11,2.545,2.38,2.36,2.465,2.545,1.88,1.885,2.51,2.56,0.995,2.115,2.465,2.56,3.705,2.325,2.825,2.54,2.63,2.325,1.895,2.55,2.08,2.405,2.31,2.475,2.5,2.525,1.915,1.91,2.35,1.975,1.9,2.37,0.995,2.575,2.455,1.855,1.9,2.805,3.5,2.37,2.23,2.53,2.12,2.285,2.29,2.495,3.52,2.55,2.3,2.415,2.225,2.055,2.51,2.395,2.485,2.195,2.315,2.635,3.6,3.62,2.12,3.105,3.4,3.735,2.19,2.235,2.5,0.97
2026-07-12,2.545,2.38,2.36,2.465,2.545,1.88,1.885,2.51,2.56,0.995,2.115,2.465,2.56,3.705,2.325,2.825,2.54,2.63,2.325,1.895,2.55,2.08,2.405,2.31,2.475,2.5,2.525,1.915,1.91,2.35,1.975,1.9,2.37,0.995,2.575,2.455,1.855,1.9,2.805,3.5,2.37,2.23,2.53,2.12,2.285,2.29,2.495,3.52,2.55,2.3,2.415,2.225,2.055,2.51,2.395,2.485,2.195,2.315,2.635,3.6,3.62,2.12,3.105,3.4,3.735,2.19,2.235,2.5,0.97
2026-07-13,2.545,2.38,2.36,2.465,2.545,1.88,1.885,2.51,2.56,0.995,2.115,2.465,2.56,3.705,2.325,2.825,2.54,2.63,2.325,1.895,2.55,2.08,2.405,2.31,2.475,2.5,2.525,1.915,1.91,2.35,1.975,1.9,2.37,0.995,2.575,2.455,1.855,1.9,2.805,3.5,2.37,2.23,2.53,2.12,2.285,2.29,2.495,3.52,2.55,2.3,2.415,2.225,2.055,2.51,2.395,2.485,2.195,2.315,2.635,3.6,3.62,2.12,3.105,3.4,3.735,2.19,2.235,2.5,0.97
2026-07-14,2.52,2.38,3.41,2.475,2.56,2.255,2.215,2.57,2.575,1.725,2.37,2.46,2.61,3.58,2.31,2.81,2.96,3.66,2.305,2.405,2.56,2.395,2.42,2.305,2.46,2.59,2.605,2.3,2.265,2.35,2.675,2.3,2.4,1.725,2.565,2.5,2.215,2.365,3.345,3.47,2.35,2.385,2.54,2.38,2.52,2.31,2.495,3.415,2.455,2.305,2.455,2.44,2.37,3.59,3.275,2.48,2.48,2.3,2.475,3.49,3.54,2.455,3.16,3.485,3.635,2.5,2.625,2.49,1.715
2026-07-15,2.59,2.565,3.415,2.57,2.665,2.39,2.375,2.67,2.645,1.78,2.39,2.485,2.675,3.65,2.345,2.77,2.865,3.505,2.415,2.745,2.61,2.4,2.535,2.365,2.525,2.665,2.65,2.48,2.44,2.53,2.67,2.43,2.515,1.78,2.675,2.57,2.43,2.72,3.64,3.61,2.425,2.46,2.635,2.46,2.575,2.405,2.6,3.615,2.555,2.375,2.56,2.495,2.39,3.35,3.16,2.575,2.545,2.395,2.54,3.565,3.64,2.495,3.04,3.315,3.79,2.54,2.735,2.6,1.795
2026-07-16,2.585,2.49,2.71,2.54,2.6,2.365,2.365,2.655,2.595,1.685,2.275,2.53,2.65,3.68,2.4,2.795,2.685,2.725,2.325,2.58,2.575,2.32,2.495,2.305,2.515,2.635,2.695,2.365,2.365,2.48,2.545,2.325,2.46,1.69,2.625,2.585,2.33,2.52,3.46,3.66,2.395,2.37,2.57,2.295,2.39,2.335,2.58,3.63,2.545,2.32,2.535,2.39,2.315,2.72,2.665,2.58,2.41,2.34,2.565,3.66,3.745,2.38,3.17,3.655,3.86,2.375,2.465,2.575,1.71
2026-07-17,2.635,2.4,2.42,2.51,2.575,2.395,2.415,2.615,2.66,1.625,2.225,2.57,2.635,3.62,2.405,2.84,2.62,2.695,2.395,2.535,2.62,2.245,2.44,2.36,2.51,2.605,2.625,2.425,2.355,2.41,2.65,2.345,2.47,1.63,2.645,2.555,2.31,2.465,3.37,3.575,2.445,2.295,2.605,2.225,2.3,2.37,2.635,3.55,2.57,2.38,2.535,2.305,2.21,2.5,2.415,2.58,2.29,2.365,2.6,3.59,3.61,2.275,3.075,3.405,3.735,2.3,2.365,2.59,1.63
2026-07-18,2.55,2.445,2.21,2.405,2.505,2.38,2.405,2.545,2.57,1.69,2.025,2.51,2.58,3.615,2.335,2.765,2.575,2.65,2.39,2.5,2.56,2.005,2.43,2.345,2.475,2.52,2.535,2.425,2.42,2.455,2.775,2.445,2.425,1.69,2.615,2.48,2.38,2.56,3.42,3.525,2.43,2.21,2.58,2.015,2.08,2.375,2.575,3.59,2.515,2.36,2.495,2.17,2.035,2.3,2.245,2.51,2.12,2.395,2.55,3.54,3.595,2.06,3.185,3.16,3.715,2.055,2.12,2.445,1.655
2026-07-19,2.55,2.445,2.21,2.405,2.505,2.38,2.405,2.545,2.57,1.69,2.025,2.51,2.58,3.615,2.335,2.765,2.575,2.65,2.39,2.5,2.56,2.005,2.43,2.345,2.475,2.52,2.535,2.425,2.42,2.455,2.775,2.445,2.425,1.69,2.615,2.48,2.38,2.56,3.42,3.525,2.43,2.21,2.58,2.015,2.08,2.375,2.575,3.59,2.515,2.36,2.495,2.17,2.035,2.3,2.245,2.51,2.12,2.395,2.55,3.54,3.595,2.06,3.185,3.16,3.715,2.055,2.12,2.445,1.655
2026-07-20,2.55,2.445,2.21,2.405,2.505,2.38,2.405,2.545,2.57,1.69,2.025,2.51,2.58,3.615,2.335,2.765,2.575,2.65,2.39,2.5,2.56,2.005,2.43,2.345,2.475,2.52,2.535,2.425,2.42,2.455,2.775,2.445,2.425,1.69,2.615,2.48,2.38,2.56,3.42,3.525,2.43,2.21,2.58,2.015,2.08,2.375,2.575,3.59,2.515,2.36,2.495,2.17,2.035,2.3,2.245,2.51,2.12,2.395,2.55,3.54,3.595,2.06,3.185,3.16,3.715,2.055,2.12,2.445,1.655
2026-07-21,2.55,2.49,2.235,2.47,2.55,2.49,2.485,2.59,2.555,1.975,2.005,2.55,2.56,3.73,2.415,2.79,2.555,2.58,2.45,2.785,2.55,1.975,2.5,2.42,2.545,2.53,2.535,2.565,2.55,2.37,2.99,2.635,2.465,1.975,2.635,2.56,2.565,2.8,3.665,3.625,2.505,2.18,2.595,2.02,2.08,2.43,2.545,3.615,2.535,2.42,2.485,2.155,1.99,2.4,2.26,2.585,2.09,2.395,2.58,3.645,3.66,2.055,3.025,3.3,3.785,2.055,2.1,2.515,1.96
2026-07-22,2.51,2.505,2.28,2.415,2.475,2.515,2.495,2.565,2.57,2.205,2,2.565,2.555,3.76,2.485,2.82,2.56,2.575,2.485,2.95,2.555,2.05,2.505,2.46,2.53,2.55,2.53,2.6,2.62,2.46,3.16,2.64,2.475,2.205,2.605,2.535,2.605,3.015,3.86,3.575,2.515,2.2,2.555,2.02,2.095,2.445,2.55,3.53,2.49,2.45,2.505,2.165,2,2.43,2.305,2.525,2.105,2.44,2.56,3.64,3.63,2.065,2.915,3.435,3.73,2.07,2.1,2.505,2.15
2026-07-23,2.545,2.535,2.175,2.495,2.535,2.57,2.525,2.59,2.575,2.415,2,2.6,2.58,3.755,2.565,2.945,2.525,2.615,2.55,3.075,2.575,2.03,2.53,2.495,2.555,2.555,2.555,2.63,2.58,2.45,3.16,2.65,2.505,2.415,2.64,2.55,2.65,3.135,3.97,3.625,2.505,2.175,2.59,2,2.08,2.49,2.585,3.655,2.56,2.49,2.555,2.08,2.005,2.32,2.205,2.565,2.11,2.45,2.59,3.595,3.64,2.055,3.2,2.965,3.71,2.055,2.055,2.55,2.405
2026-07-24,2.595,2.49,2.1,2.475,2.535,2.515,2.475,2.59,2.575,2.335,1.91,2.575,2.58,3.705,2.495,2.89,2.53,2.59,2.52,3.04,2.585,1.9,2.5,2.495,2.535,2.54,2.55,2.57,2.505,2.485,3.185,2.615,2.46,2.335,2.625,2.525,2.635,3.205,3.975,3.545,2.55,2.07,2.575,1.9,1.96,2.48,2.615,3.545,2.525,2.5,2.535,2.035,1.86,2.25,2.105,2.53,1.995,2.5,2.56,3.56,3.61,1.94,3.01,2.99,3.67,1.96,2.05,2.525,2.32
2026-07-25,2.619,2.5455,2.42,2.577,2.58,2.49,2.49,2.689,2.639,2.23,2.04,2.574,2.6,3.846,2.54,2.882,2.545,2.625,2.577,3.119,2.67,1.9885,2.539,2.43,2.607,2.689,2.694,2.663,2.6,2.53,3.2,2.64,2.532,1.9055,2.687,2.653,2.73,3.249,3.999,3.654,2.479,2.123,2.669,2.08,2.32,2.449,2.682,3.627,2.597,2.444,2.641,2.458,1.9535,2.472,2.42,2.627,2.0972,2.46,2.7675,3.702,3.727,2.29,3.74,2.9005,3.769,2.258,2.5105,2.594,2.19
2026-07-26,2.619,2.5455,2.42,2.577,2.58,2.49,2.49,2.689,2.639,2.23,2.04,2.574,2.6,3.846,2.54,2.882,2.545,2.625,2.577,3.119,2.67,1.9885,2.539,2.43,2.607,2.689,2.694,2.663,2.6,2.53,3.2,2.64,2.532,1.9055,2.687,2.653,2.73,3.249,3.999,3.654,2.479,2.123,2.669,2.08,2.32,2.449,2.682,3.627,2.597,2.444,2.641,2.458,1.9535,2.472,2.42,2.627,2.0972,2.46,2.7675,3.702,3.727,2.29,3.74,2.9005,3.769,2.258,2.5105,2.594,2.19
2026-07-27,2.59,2.535,2.005,2.47,2.585,2.53,2.495,2.645,2.605,2.23,1.775,2.545,2.61,3.795,2.435,2.86,2.575,2.605,2.495,2.95,2.615,1.86,2.55,2.495,2.555,2.615,2.59,2.575,2.515,2.535,3.01,2.605,2.52,2.235,2.65,2.585,2.535,3.365,4.03,3.565,2.545,2.085,2.585,1.79,1.92,2.45,2.6,3.605,2.52,2.455,2.56,1.92,1.77,2.2,2.08,2.585,1.96,2.53,2.53,3.63,3.63,1.88,3.07,3.055,3.7,1.88,2,2.555,2.23
2026-07-28,2.5,2.455,2.315,2.395,2.385,2.48,2.455,2.56,2.575,1.965,1.995,2.5,2.57,3.835,2.48,2.69,2.54,2.575,2.47,3.115,2.54,2,2.455,2.425,2.495,2.595,2.585,2.535,2.395,2.395,3.26,2.51,2.465,1.965,2.575,2.52,2.465,3.455,4.225,3.7,2.485,2.145,2.52,2.03,2.115,2.43,2.485,3.615,2.495,2.435,2.52,2.16,1.925,2.5,2.34,2.515,2.095,2.375,2.53,3.745,3.795,2.05,3.02,3.48,3.91,2.08,2.14,2.5,1.99
2026-07-29,2.405,2.385,2.26,2.375,2.43,2.385,2.37,2.455,2.445,1.695,1.94,2.49,2.445,3.61,2.44,2.58,2.48,2.545,2.365,2.76,2.445,1.96,2.405,2.365,2.425,2.47,2.47,2.425,2.445,2.335,3.06,2.425,2.39,1.7,2.475,2.43,2.4,3.025,3.9,3.545,2.45,2.1,2.375,1.98,2.05,2.35,2.415,3.495,2.42,2.365,2.44,2.105,1.915,2.44,2.24,2.42,2.05,2.4,2.45,3.515,3.585,1.98,2.78,3.225,3.69,2,2.085,2.42,1.7
2026-07-30,2.41,2.365,2.085,2.3,2.395,2.41,2.365,2.45,2.45,1.64,1.85,2.405,2.47,3.57,2.31,2.555,2.495,2.535,2.355,2.68,2.44,1.84,2.385,2.335,2.37,2.425,2.445,2.42,2.48,2.3,3.15,2.46,2.34,1.645,2.46,2.41,2.42,3.06,3.85,3.495,2.4,2,2.355,1.895,1.95,2.34,2.385,3.485,2.375,2.335,2.375,1.965,1.805,2.445,2.065,2.395,1.955,2.34,2.385,3.5,3.535,1.885,2.7,3.35,3.615,1.905,1.945,2.395,1.615
2026-07-31,2.375,2.39,2.01,2.345,2.41,2.41,2.395,2.43,2.435,1.845,1.77,2.415,2.47,3.545,2.35,2.64,2.48,2.5,2.365,2.745,2.435,1.75,2.4,2.33,2.405,2.405,2.385,2.465,2.4,2.345,3.145,2.515,2.39,1.85,2.46,2.4,2.52,2.93,3.795,3.43,2.4,1.965,2.395,1.795,1.845,2.345,2.435,3.4,2.405,2.34,2.385,1.895,1.76,2.25,2.12,2.41,1.845,2.355,2.43,3.39,3.46,1.795,2.905,2.835,3.55,1.82,1.88,2.395,1.745
2026-08-01,2.44,2.29,2.445,2.34,2.45,2.33,2.305,2.395,2.425,1.82,1.705,2.41,2.47,3.195,2.205,2.585,2.505,2.64,2.275,2.715,2.41,1.695,2.325,2.265,2.34,2.355,2.32,2.455,2.395,2.235,3.13,2.44,2.28,1.825,2.45,2.385,2.395,2.79,3.67,3.18,2.29,1.825,2.415,1.74,1.815,2.365,2.39,3.165,2.375,2.225,2.375,1.91,1.66,2.48,2.34,2.38,1.79,2.255,2.37,3.13,3.19,1.715,2.935,3.05,3.25,1.75,1.85,2.385,1.81
2026-08-02,2.44,2.29,2.445,2.34,2.45,2.33,2.305,2.395,2.425,1.82,1.705,2.41,2.47,3.195,2.205,2.585,2.505,2.64,2.275,2.715,2.41,1.695,2.325,2.265,2.34,2.355,2.32,2.455,2.395,2.235,3.13,2.44,2.28,1.825,2.45,2.385,2.395,2.79,3.67,3.18,2.29,1.825,2.415,1.74,1.815,2.365,2.39,3.165,2.375,2.225,2.375,1.91,1.66,2.48,2.34,2.38,1.79,2.255,2.37,3.13,3.19,1.715,2.935,3.05,3.25,1.75,1.85,2.385,1.81
2026-08-03,2.44,2.29,2.445,2.34,2.45,2.33,2.305,2.395,2.425,1.82,1.705,2.41,2.47,3.195,2.205,2.585,2.505,2.64,2.275,2.715,2.41,1.695,2.325,2.265,2.34,2.355,2.32,2.455,2.395,2.235,3.13,2.44,2.28,1.825,2.45,2.385,2.395,2.79,3.67,3.18,2.29,1.825,2.415,1.74,1.815,2.365,2.39,3.165,2.375,2.225,2.375,1.91,1.66,2.48,2.34,2.38,1.79,2.255,2.37,3.13,3.19,1.715,2.935,3.05,3.25,1.75,1.85,2.385,1.81
2026-08-04,2.425,2.35,2.98,2.395,2.47,2.31,2.31,2.465,2.475,2.115,1.905,2.465,2.54,3.375,2.36,2.8,2.71,2.9,2.365,2.775,2.445,1.83,2.345,2.335,2.385,2.435,2.405,2.455,2.485,2.305,3.11,2.55,2.28,2.12,2.48,2.415,2.335,2.78,3.67,3.31,2.34,2.02,2.5,2.01,2.125,2.35,2.455,3.2,2.4,2.35,2.41,2.165,1.715,3.05,2.81,2.44,2.125,2.355,2.405,3.365,3.41,1.82,3.055,2.92,3.47,2.135,2.21,2.405,2.105
2026-08-05,2.415,2.325,2.935,2.305,2.405,2.28,2.29,2.4,2.4,2.02,1.925,2.385,2.455,3.235,2.285,2.725,2.59,2.72,2.28,2.77,2.38,1.905,2.315,2.265,2.315,2.375,2.355,2.41,2.44,2.25,2.905,2.48,2.23,2.02,2.41,2.355,2.255,2.78,3.68,3.21,2.305,2.035,2.4,2.01,2.12,2.275,2.39,3.185,2.345,2.27,2.31,2.145,1.865,3.045,2.755,2.345,2.09,2.265,2.385,3.19,3.225,1.975,2.95,3.05,3.34,2.095,2.195,2.315,2.015
2026-08-06,2.4,2.34,3.86,2.325,2.415,2.28,2.31,2.465,2.48,2.025,1.925,2.375,2.495,3.285,2.28,2.6,2.79,3.29,2.315,3.025,2.41,1.925,2.33,2.285,2.34,2.415,2.405,2.535,2.58,2.28,3.035,2.655,2.27,2.025,2.425,2.405,2.285,2.99,3.865,3.245,2.305,2.015,2.425,1.99,2.105,2.305,2.4,3.275,2.345,2.25,2.36,2.09,1.735,3.5,3.395,2.395,2.115,2.285,2.42,3.285,3.29,1.9,2.865,2.79,3.405,2.115,2.265,2.37,2.025
2026-08-07,2.38,2.33,2.835,2.295,2.405,2.34,2.295,2.43,2.44,1.96,1.835,2.375,2.475,3.315,2.23,2.535,2.555,2.92,2.295,2.935,2.41,2,2.33,2.275,2.33,2.435,2.43,2.515,2.475,2.24,2.925,2.57,2.25,1.96,2.4,2.39,2.22,2.975,3.85,3.18,2.305,1.935,2.365,1.85,1.95,2.285,2.36,3.06,2.335,2.265,2.385,2.14,1.93,3.13,2.72,2.36,1.98,2.275,2.4,3.315,3.325,1.95,3.01,2.815,3.425,1.96,2.11,2.34,1.96
2026-08-08,2.445,2.375,2.7,2.31,2.41,2.4,2.355,2.505,2.495,1.83,1.965,2.37,2.495,3.265,2.235,2.555,2.59,3.04,2.26,2.945,2.4,2.05,2.375,2.285,2.37,2.43,2.425,2.48,2.48,2.24,2.885,2.54,2.295,1.83,2.44,2.425,2.125,2.96,3.835,3.17,2.32,2.08,2.4,2.05,2.165,2.285,2.39,3.03,2.325,2.275,2.38,2.285,2.03,3.14,2.68,2.385,2.215,2.275,2.42,3.26,3.27,2.08,2.87,3.195,3.46,2.115,2.22,2.355,1.83
2026-08-09,2.445,2.375,2.7,2.31,2.41,2.4,2.355,2.505,2.495,1.83,1.965,2.37,2.495,3.265,2.235,2.555,2.59,3.04,2.26,2.945,2.4,2.05,2.375,2.285,2.37,2.43,2.425,2.48,2.48,2.24,2.885,2.54,2.295,1.83,2.44,2.425,2.125,2.96,3.835,3.17,2.32,2.08,2.4,2.05,2.165,2.285,2.39,3.03,2.325,2.275,2.38,2.285,2.03,3.14,2.68,2.385,2.215,2.275,2.42,3.26,3.27,2.08,2.87,3.195,3.46,2.115,2.22,2.355,1.83
2026-08-10,2.445,2.375,2.7,2.31,2.41,2.4,2.355,2.505,2.495,1.83,1.965,2.37,2.495,3.265,2.235,2.555,2.59,3.04,2.26,2.945,2.4,2.05,2.375,2.285,2.37,2.43,2.425,2.48,2.48,2.24,2.885,2.54,2.295,1.83,2.44,2.425,2.125,2.96,3.835,3.17,2.32,2.08,2.4,2.05,2.165,2.285,2.39,3.03,2.325,2.275,2.38,2.285,2.03,3.14,2.68,2.385,2.215,2.275,2.42,3.26,3.27,2.08,2.87,3.195,3.46,2.115,2.22,2.355,1.83
2026-08-11,2.56,2.43,2.455,2.41,2.55,2.46,2.435,2.54,2.6,2.085,2.1,2.53,2.59,3.595,2.34,2.71,2.615,3.43,2.39,2.99,2.52,2.155,2.4,2.38,2.43,2.565,2.575,2.645,2.705,2.285,3.07,2.755,2.33,2.09,2.57,2.505,2.5,2.97,3.855,3.475,2.425,2.165,2.51,2.115,2.23,2.425,2.54,3.455,2.515,2.37,2.5,2.25,2.11,2.91,2.49,2.52,2.215,2.385,2.52,3.525,3.565,2.195,3.315,3.49,3.82,2.215,2.375,2.51,2.05
2026-08-12,2.6113,2.4977,2.15,2.4811,2.599,2.5107,2.4628,2.5917,2.5824,2.219,1.9867,2.52,2.59,4.0836,2.3662,2.7849,2.6247,2.7606,2.3986,2.6078,2.5378,1.9459,2.4721,2.3913,2.4979,2.5786,2.597,2.625,2.45,2.294,3.1571,2.6231,2.3547,2.2057,2.5677,2.5,2.627,2.974,3.87,3.788,2.4662,2.0401,2.5498,2.0374,2.0692,2.4488,2.5684,3.7067,2.4863,2.3993,2.406,2.0496,1.8727,2.35,2.15,2.545,2.0692,2.4261,2.5888,3.6912,3.9336,2.0017,3.9336,4.0705,4.0705,2.0192,2.0624,2.5242,2.1499
2026-08-13,2.5,2.306,2.25,2.39,2.49,2.379,2.379,2.5,2.45,2.0755,1.895,2.44,2.58,3.925,2.35,2.725,2.3525,2.42,2.3735,2.6915,2.52,1.997,2.39,2.347,2.46,2.545,2.545,2.524,2.45,2.3,3.075,2.638,2.295,2.138,2.517,2.493,2.45,2.824,3.718,3.695,2.36,2.037,2.45,1.9735,2.011,2.35,2.477,3.65,2.38,2.395,2.406,2.2305,1.894,2.2975,2.2355,2.45,1.966,2.37,2.4605,3.9,3.925,1.89,3.0835,3.334,3.986,1.993,2.0825,2.44,2.05
2026-08-14,2.5,2.306,2.25,2.39,2.49,2.379,2.379,2.5,2.45,2.0755,1.895,2.44,2.58,3.925,2.35,2.725,2.3525,2.42,2.3735,2.6915,2.52,1.997,2.39,2.347,2.46,2.545,2.545,2.524,2.45,2.3,3.075,2.638,2.295,2.138,2.517,2.493,2.45,2.824,3.718,3.695,2.36,2.037,2.45,1.9735,2.011,2.35,2.477,3.65,2.38,2.395,2.406,2.2305,1.894,2.2975,2.2355,2.45,1.966,2.37,2.4605,3.9,3.925,1.89,3.0835,3.334,3.986,1.993,2.0825,2.44,2.05
2026-08-15,2.5,2.306,2.25,2.39,2.49,2.379,2.379,2.5,2.45,2.0755,1.895,2.44,2.58,3.925,2.35,2.725,2.3525,2.42,2.3735,2.6915,2.52,1.997,2.39,2.347,2.46,2.545,2.545,2.524,2.45,2.3,3.075,2.638,2.295,2.138,2.517,2.493,2.45,2.824,3.718,3.695,2.36,2.037,2.45,1.9735,2.011,2.35,2.477,3.65,2.38,2.395,2.406,2.2305,1.894,2.2975,2.2355,2.45,1.966,2.37,2.4605,3.9,3.925,1.89,3.0835,3.334,3.986,1.993,2.0825,2.44,2.05
2026-08-16,2.5,2.306,2.25,2.39,2.49,2.379,2.379,2.5,2.45,2.0755,1.895,2.44,2.58,3.925,2.35,2.725,2.3525,2.42,2.3735,2.6915,2.52,1.997,2.39,2.347,2.46,2.545,2.545,2.524,2.45,2.3,3.075,2.638,2.295,2.138,2.517,2.493,2.45,2.824,3.718,3.695,2.36,2.037,2.45,1.9735,2.011,2.35,2.477,3.65,2.38,2.395,2.406,2.2305,1.894,2.2975,2.2355,2.45,1.966,2.37,2.4605,3.9,3.925,1.89,3.0835,3.334,3.986,1.993,2.0825,2.44,2.05
2026-08-17,2.5,2.306,2.25,2.39,2.49,2.379,2.379,2.5,2.45,2.0755,1.895,2.44,2.58,3.925,2.35,2.725,2.3525,2.42,2.3735,2.6915,2.52,1.997,2.39,2.347,2.46,2.545,2.545,2.524,2.45,2.3,3.075,2.638,2.295,2.138,2.517,2.493,2.45,2.824,3.718,3.695,2.36,2.037,2.45,1.9735,2.011,2.35,2.477,3.65,2.38,2.395,2.406,2.2305,1.894,2.2975,2.2355,2.45,1.966,2.37,2.4605,3.9,3.925,1.89,3.0835,3.334,3.986,1.993,2.0825,2.44,2.05
2026-08-18,2.5,2.306,2.25,2.39,2.49,2.379,2.379,2.5,2.45,2.0755,1.895,2.44,2.58,3.925,2.35,2.725,2.3525,2.42,2.3735,2.6915,2.52,1.997,2.39,2.347,2.46,2.545,2.545,2.524,2.45,2.3,3.075,2.638,2.295,2.138,2.517,2.493,2.45,2.824,3.718,3.695,2.36,2.037,2.45,1.9735,2.011,2.35,2.477,3.65,2.38,2.395,2.406,2.2305,1.894,2.2975,2.2355,2.45,1.966,2.37,2.4605,3.9,3.925,1.89,3.0835,3.334,3.986,1.993,2.0825,2.44,2.05
2026-08-19,2.5,2.306,2.25,2.39,2.49,2.379,2.379,2.5,2.45,2.0755,1.895,2.44,2.58,3.925,2.35,2.725,2.3525,2.42,2.3735,2.6915,2.52,1.997,2.39,2.347,2.46,2.545,2.545,2.524,2.45,2.3,3.075,2.638,2.295,2.138,2.517,2.493,2.45,2.824,3.718,3.695,2.36,2.037,2.45,1.9735,2.011,2.35,2.477,3.65,2.38,2.395,2.406,2.2305,1.894,2.2975,2.2355,2.45,1.966,2.37,2.4605,3.9,3.925,1.89,3.0835,3.334,3.986,1.993,2.0825,2.44,2.05
2026-08-20,2.5,2.306,2.25,2.39,2.49,2.379,2.379,2.5,2.45,2.0755,1.895,2.44,2.58,3.925,2.35,2.725,2.3525,2.42,2.3735,2.6915,2.52,1.997,2.39,2.347,2.46,2.545,2.545,2.524,2.45,2.3,3.075,2.638,2.295,2.138,2.517,2.493,2.45,2.824,3.718,3.695,2.36,2.037,2.45,1.9735,2.011,2.35,2.477,3.65,2.38,2.395,2.406,2.2305,1.894,2.2975,2.2355,2.45,1.966,2.37,2.4605,3.9,3.925,1.89,3.0835,3.334,3.986,1.993,2.0825,2.44,2.05
2026-08-21,2.5,2.306,2.25,2.39,2.49,2.379,2.379,2.5,2.45,2.0755,1.895,2.44,2.58,3.925,2.35,2.725,2.3525,2.42,2.3735,2.6915,2.52,1.997,2.39,2.347,2.46,2.545,2.545,2.524,2.45,2.3,3.075,2.638,2.295,2.138,2.517,2.493,2.45,2.824,3.718,3.695,2.36,2.037,2.45,1.9735,2.011,2.35,2.477,3.65,2.38,2.395,2.406,2.2305,1.894,2.2975,2.2355,2.45,1.966,2.37,2.4605,3.9,3.925,1.89,3.0835,3.334,3.986,1.993,2.0825,2.44,2.05
2026-08-22,2.5,2.306,2.25,2.39,2.49,2.379,2.379,2.5,2.45,2.0755,1.895,2.44,2.58,3.925,2.35,2.725,2.3525,2.42,2.3735,2.6915,2.52,1.997,2.39,2.347,2.46,2.545,2.545,2.524,2.45,2.3,3.075,2.638,2.295,2.138,2.517,2.493,2.45,2.824,3.718,3.695,2.36,2.037,2.45,1.9735,2.011,2.35,2.477,3.65,2.38,2.395,2.406,2.2305,1.894,2.2975,2.2355,2.45,1.966,2.37,2.4605,3.9,3.925,1.89,3.0835,3.334,3.986,1.993,2.0825,2.44,2.05
2026-08-23,2.5,2.306,2.25,2.39,2.49,2.379,2.379,2.5,2.45,2.0755,1.895,2.44,2.58,3.925,2.35,2.725,2.3525,2.42,2.3735,2.6915,2.52,1.997,2.39,2.347,2.46,2.545,2.545,2.524,2.45,2.3,3.075,2.638,2.295,2.138,2.517,2.493,2.45,2.824,3.718,3.695,2.36,2.037,2.45,1.9735,2.011,2.35,2.477,3.65,2.38,2.395,2.406,2.2305,1.894,2.2975,2.2355,2.45,1.966,2.37,2.4605,3.9,3.925,1.89,3.0835,3.334,3.986,1.993,2.0825,2.44,2.05
2026-08-24,2.5,2.306,2.25,2.39,2.49,2.379,2.379,2.5,2.45,2.0755,1.895,2.44,2.58,3.925,2.35,2.725,2.3525,2.42,2.3735,2.6915,2.52,1.997,2.39,2.347,2.46,2.545,2.545,2.524,2.45,2.3,3.075,2.638,2.295,2.138,2.517,2.493,2.45,2.824,3.718,3.695,2.36,2.037,2.45,1.9735,2.011,2.35,2.477,3.65,2.38,2.395,2.406,2.2305,1.894,2.2975,2.2355,2.45,1.966,2.37,2.4605,3.9,3.925,1.89,3.0835,3.334,3.986,1.993,2.0825,2.44,2.05
2026-08-25,2.5,2.306,2.25,2.39,2.49,2.379,2.379,2.5,2.45,2.0755,1.895,2.44,2.58,3.925,2.35,2.725,2.3525,2.42,2.3735,2.6915,2.52,1.997,2.39,2.347,2.46,2.545,2.545,2.524,2.45,2.3,3.075,2.638,2.295,2.138,2.517,2.493,2.45,2.824,3.718,3.695,2.36,2.037,2.45,1.9735,2.011,2.35,2.477,3.65,2.38,2.395,2.406,2.2305,1.894,2.2975,2.2355,2.45,1.966,2.37,2.4605,3.9,3.925,1.89,3.0835,3.334,3.986,1.993,2.0825,2.44,2.05
2026-08-26,2.5,2.306,2.25,2.39,2.49,2.379,2.379,2.5,2.45,2.0755,1.895,2.44,2.58,3.925,2.35,2.725,2.3525,2.42,2.3735,2.6915,2.52,1.997,2.39,2.347,2.46,2.545,2.545,2.524,2.45,2.3,3.075,2.638,2.295,2.138,2.517,2.493,2.45,2.824,3.718,3.695,2.36,2.037,2.45,1.9735,2.011,2.35,2.477,3.65,2.38,2.395,2.406,2.2305,1.894,2.2975,2.2355,2.45,1.966,2.37,2.4605,3.9,3.925,1.89,3.0835,3.334,3.986,1.993,2.0825,2.44,2.05
2026-08-27,2.5,2.306,2.25,2.39,2.49,2.379,2.379,2.5,2.45,2.0755,1.895,2.44,2.58,3.925,2.35,2.725,2.3525,2.42,2.3735,2.6915,2.52,1.997,2.39,2.347,2.46,2.545,2.545,2.524,2.45,2.3,3.075,2.638,2.295,2.138,2.517,2.493,2.45,2.824,3.718,3.695,2.36,2.037,2.45,1.9735,2.011,2.35,2.477,3.65,2.38,2.395,2.406,2.2305,1.894,2.2975,2.2355,2.45,1.966,2.37,2.4605,3.9,3.925,1.89,3.0835,3.334,3.986,1.993,2.0825,2.44,2.05
2026-08-28,2.5,2.306,2.25,2.39,2.49,2.379,2.379,2.5,2.45,2.0755,1.895,2.44,2.58,3.925,2.35,2.725,2.3525,2.42,2.3735,2.6915,2.52,1.997,2.39,2.347,2.46,2.545,2.545,2.524,2.45,2.3,3.075,2.638,2.295,2.138,2.517,2.493,2.45,2.824,3.718,3.695,2.36,2.037,2.45,1.9735,2.011,2.35,2.477,3.65,2.38,2.395,2.406,2.2305,1.894,2.2975,2.2355,2.45,1.966,2.37,2.4605,3.9,3.925,1.89,3.0835,3.334,3.986,1.993,2.0825,2.44,2.05
2026-08-29,2.5,2.306,2.25,2.39,2.49,2.379,2.379,2.5,2.45,2.0755,1.895,2.44,2.58,3.925,2.35,2.725,2.3525,2.42,2.3735,2.6915,2.52,1.997,2.39,2.347,2.46,2.545,2.545,2.524,2.45,2.3,3.075,2.638,2.295,2.138,2.517,2.493,2.45,2.824,3.718,3.695,2.36,2.037,2.45,1.9735,2.011,2.35,2.477,3.65,2.38,2.395,2.406,2.2305,1.894,2.2975,2.2355,2.45,1.966,2.37,2.4605,3.9,3.925,1.89,3.0835,3.334,3.986,1.993,2.0825,2.44,2.05
2026-08-30,2.5,2.306,2.25,2.39,2.49,2.379,2.379,2.5,2.45,2.0755,1.895,2.44,2.58,3.925,2.35,2.725,2.3525,2.42,2.3735,2.6915,2.52,1.997,2.39,2.347,2.46,2.545,2.545,2.524,2.45,2.3,3.075,2.638,2.295,2.138,2.517,2.493,2.45,2.824,3.718,3.695,2.36,2.037,2.45,1.9735,2.011,2.35,2.477,3.65,2.38,2.395,2.406,2.2305,1.894,2.2975,2.2355,2.45,1.966,2.37,2.4605,3.9,3.925,1.89,3.0835,3.334,3.986,1.993,2.0825,2.44,2.05
2026-08-31,2.5,2.306,2.25,2.39,2.49,2.379,2.379,2.5,2.45,2.0755,1.895,2.44,2.58,3.925,2.35,2.725,2.3525,2.42,2.3735,2.6915,2.52,1.997,2.39,2.347,2.46,2.545,2.545,2.524,2.45,2.3,3.075,2.638,2.295,2.138,2.517,2.493,2.45,2.824,3.718,3.695,2.36,2.037,2.45,1.9735,2.011,2.35,2.477,3.65,2.38,2.395,2.406,2.2305,1.894,2.2975,2.2355,2.45,1.966,2.37,2.4605,3.9,3.925,1.89,3.0835,3.334,3.986,1.993,2.0825,2.44,2.05
